url_length,has_at_symbol,num_dots,is_https,num_hyphens,has_ip_address,num_suspicious_keywords,num_input_fields,has_password_field,form_action_mismatch,num_external_links,has_hidden_fields,num_iframes,url_entropy,domain_age_days,label
79,0,1,1,2,0,1,2,0,0,3,0,1,2.058343718370239,250,0.0
78,0,3,1,2,0,1,0,0,0,9,1,0,3.1999875088333023,2449,0.0
26,0,1,1,2,0,1,0,1,0,3,0,1,3.0630822556228763,1117,0.0
36,0,2,1,2,0,1,4,0,0,3,0,0,2.175660847257917,3124,0.0
110,1,6,0,6,1,3,17,1,1,13,1,0,3.9735816946557327,49,1.0
29,0,1,1,2,0,1,1,0,0,5,0,1,2.8414347492457193,3357,0.0
26,0,2,1,2,0,1,5,0,0,7,0,0,2.733059252587403,1797,0.0
63,0,3,1,2,0,0,0,0,1,7,0,1,3.2797179748378875,1055,0.0
61,0,2,1,0,0,1,5,1,1,2,0,0,2.1840656658952717,3281,0.0
86,1,4,1,6,1,3,4,0,1,29,0,2,3.7612350385930946,145,1.0
74,0,3,0,2,0,0,1,0,0,4,0,0,2.481322098554965,2443,0.0
113,1,9,0,3,0,2,12,1,0,15,0,3,4.530784994703015,33,1.0
65,0,1,1,2,0,1,2,1,0,3,0,0,2.8707789150145553,436,0.0
59,0,1,1,1,0,0,0,0,0,4,0,1,2.874650426946199,1067,0.0
22,0,1,1,1,0,1,6,0,0,6,0,1,3.15211097871593,2711,0.0
24,0,1,1,1,0,0,7,1,0,6,0,1,2.1204746719178678,3231,0.0
190,1,13,0,9,0,4,7,1,0,6,1,3,4.9974781348564346,69,1.0
44,0,2,0,1,0,0,4,1,0,6,0,1,2.323662494664034,1852,0.0
32,0,2,1,2,0,0,1,0,0,9,0,0,2.1529525534443854,1245,0.0
235,0,13,0,9,1,2,16,1,0,13,1,1,4.431839795720251,0,1.0
74,1,2,1,0,0,0,0,1,0,6,0,1,3.23959816061695,558,0.0
151,1,3,0,9,1,3,4,1,1,18,1,0,4.3775527530779925,86,1.0
83,1,13,0,8,0,2,3,1,1,26,1,1,4.048848947926711,153,1.0
42,0,3,0,0,0,0,7,0,0,0,0,1,3.4815066908502383,1726,0.0
172,1,11,0,3,1,2,7,1,1,15,1,2,3.637666409706764,34,1.0
156,0,5,0,2,1,4,5,1,1,20,1,3,4.725335434256253,136,1.0
68,1,4,0,5,1,4,16,1,0,10,0,2,4.574909448440047,36,1.0
25,0,2,1,2,0,1,6,1,0,5,0,0,3.0600255435576855,2343,0.0
77,0,2,0,0,0,1,4,0,0,9,0,0,3.122876520505299,950,0.0
36,0,1,1,1,0,0,2,0,0,9,0,0,2.842775979567948,1014,0.0
105,1,11,0,4,0,3,16,1,1,27,0,1,4.920949999130101,136,1.0
149,1,6,1,3,1,3,13,0,0,26,0,0,4.166941486870857,86,1.0
28,0,2,0,2,0,1,4,1,0,7,0,0,2.6368581527605355,3539,0.0
160,1,14,0,2,1,4,13,1,1,12,1,0,4.287730841167443,52,1.0
233,1,6,0,7,1,4,6,0,1,13,0,0,3.6869225947836872,106,1.0
245,0,3,0,9,1,4,15,1,0,20,1,4,3.7559016869324666,168,1.0
66,0,1,1,1,0,0,3,0,0,8,0,0,2.967547001827925,964,0.0
78,0,3,0,0,0,0,3,0,0,4,1,1,3.405632597159744,721,0.0
28,0,2,1,1,0,1,6,0,0,9,0,0,2.2975347023739996,313,0.0
151,1,3,1,3,1,4,11,1,1,11,0,0,3.5101948228791677,141,1.0
241,0,14,1,3,1,2,3,1,1,11,1,2,3.8800690982440016,30,1.0
74,0,6,1,7,0,2,13,1,1,27,0,0,4.799340545868015,28,1.0
207,0,12,0,3,1,3,17,1,1,27,0,0,4.147984057195162,136,1.0
59,0,2,1,0,0,0,3,0,1,7,0,0,3.403806937946687,3225,0.0
187,1,10,1,2,0,1,15,1,1,8,1,3,4.0149514537936115,11,1.0
158,0,5,1,7,1,2,6,1,1,15,1,1,4.288167689543269,159,1.0
73,0,1,0,0,0,1,7,1,0,7,1,1,2.49915581907377,2769,0.0
66,0,1,0,1,0,1,7,0,0,3,0,0,2.5708807923466503,3003,0.0
106,1,12,0,3,0,2,11,1,1,17,1,0,4.282600128279869,134,1.0
36,1,3,1,1,0,0,7,1,0,2,0,0,2.5976115232460484,2800,0.0
56,0,2,0,0,0,0,5,1,0,3,0,1,2.277902033228881,291,0.0
24,0,2,1,2,0,1,0,1,0,7,0,0,2.571043303516016,1374,0.0
218,1,13,0,8,1,1,18,1,1,22,1,1,3.537476123422774,20,1.0
25,0,1,1,2,0,1,5,0,0,2,0,0,2.4800830325832175,634,0.0
189,1,14,0,5,0,1,13,1,0,24,0,3,3.773094693322783,155,1.0
108,0,10,1,7,1,1,10,0,1,28,1,4,3.8662213407603607,29,1.0
27,0,3,1,2,0,1,7,1,0,3,0,1,2.403815086813433,3643,0.0
134,0,5,1,4,1,2,7,1,0,7,1,3,3.5434164751150505,134,1.0
219,1,10,0,4,1,1,16,0,0,8,1,3,3.596357863785689,68,1.0
36,0,3,0,0,0,1,7,0,0,4,0,1,2.193871540983839,574,0.0
212,0,5,0,5,0,3,4,1,1,15,1,1,4.429621781737349,15,1.0
68,1,8,0,5,0,3,10,1,1,16,1,4,3.708453487829937,5,1.0
44,0,3,1,1,0,1,5,1,0,6,0,1,3.0267126528177166,1744,0.0
246,1,4,1,3,0,3,10,1,1,8,0,1,3.532468342020475,114,1.0
59,1,2,0,2,0,1,2,0,0,6,1,1,2.5246586853426174,2562,0.0
68,0,2,0,0,0,0,2,1,0,3,1,0,3.234172047299252,2743,0.0
66,0,2,0,0,0,1,0,1,0,4,0,0,3.439662472649478,1331,0.0
34,1,2,1,1,0,1,3,0,0,8,0,1,2.78959819379791,1908,0.0
191,1,8,0,8,1,1,17,1,1,26,1,1,4.244064089024874,78,1.0
71,1,1,1,2,0,1,6,0,0,9,0,0,2.0286464834048066,1990,0.0
140,1,8,0,2,0,4,16,1,1,24,1,3,3.5188946019076806,99,1.0
203,1,13,0,6,0,1,9,1,1,12,0,3,4.015066684361859,6,1.0
48,1,3,1,1,0,0,0,0,0,4,0,1,2.866644601246561,1021,0.0
78,0,1,1,0,0,1,4,0,0,4,0,1,2.7608563328113354,2738,0.0
163,1,5,1,4,1,3,3,1,1,10,0,2,3.925696914562324,126,1.0
172,1,9,0,3,1,2,17,1,1,15,1,4,4.530412152505265,10,1.0
56,0,1,1,0,0,1,6,1,0,5,0,0,2.195916140054199,327,0.0
110,1,3,1,6,1,3,3,1,1,25,0,3,3.68663283027784,112,1.0
21,0,1,1,1,0,0,7,0,0,7,0,1,2.3284703448373363,3233,0.0
127,1,6,0,6,0,1,17,1,0,14,1,1,4.509247534880645,133,1.0
25,0,3,1,2,0,1,2,1,0,9,0,1,2.2139000807445357,2005,0.0
140,1,13,0,4,0,2,10,1,1,15,0,3,4.107662081881785,88,1.0
219,1,9,0,9,1,4,12,1,0,27,1,1,4.0948858615794945,72,1.0
223,1,6,0,7,0,3,11,1,1,17,1,1,3.5040622247306783,140,1.0
92,1,4,0,9,0,2,10,0,1,21,1,3,3.8265933495244004,54,1.0
58,0,1,0,2,0,0,3,1,0,2,0,1,2.102521427284537,249,0.0
64,0,2,1,1,0,1,1,1,1,5,0,1,2.576172366865654,3524,0.0
73,0,2,1,2,0,1,1,0,0,9,0,1,2.521452630464302,2302,0.0
74,0,2,1,0,0,0,2,1,0,9,0,0,2.5251572064268455,3243,0.0
110,1,7,1,9,0,2,10,1,0,14,1,0,4.630580264843195,121,1.0
220,0,11,0,5,0,1,8,1,1,28,1,4,4.012623263488891,114,1.0
204,1,5,1,5,1,2,6,0,1,7,1,1,3.5815221475229855,87,1.0
30,0,3,0,1,0,0,7,0,0,6,0,1,3.0868110110914717,3054,0.0
189,0,3,0,8,1,3,18,1,0,12,0,4,4.382548533826485,123,1.0
40,0,1,1,0,0,0,0,1,0,0,0,1,2.282220390814113,2742,0.0
168,1,10,0,3,1,3,3,1,0,6,1,3,4.016462049979939,150,1.0
69,0,3,1,0,0,1,1,0,0,3,0,0,2.452394911168885,3453,0.0
170,1,6,1,8,1,1,17,1,0,24,0,1,3.634349036474466,66,1.0
67,0,5,0,7,1,3,17,1,1,23,1,2,4.283745213335883,175,1.0
67,1,1,1,2,0,1,7,0,0,8,0,1,3.4066295232672257,3335,0.0
49,0,3,1,1,1,1,3,0,0,8,1,1,2.734558091296997,920,0.0
96,1,11,0,4,1,2,3,1,1,25,1,3,4.525962694872712,85,1.0
73,0,2,1,2,0,1,3,1,1,0,1,1,2.2019887420766855,1121,0.0
188,0,10,0,8,0,1,7,1,1,12,1,4,4.1692238846857546,13,1.0
74,0,2,1,0,0,1,6,1,0,8,0,1,3.0246202602112033,1904,0.0
58,0,3,1,0,0,0,0,0,0,7,0,0,2.1194243769911565,3403,0.0
29,0,1,1,2,0,1,0,0,0,7,0,1,2.754341116910629,3171,0.0
55,0,3,1,1,0,0,4,0,0,7,1,0,2.6879912315569814,973,0.0
103,1,14,1,2,0,1,14,0,1,7,1,1,3.944806384430393,93,1.0
53,0,1,1,1,0,0,2,1,0,7,1,0,2.2695396419769547,2382,0.0
26,0,3,0,2,0,1,3,0,0,3,0,0,2.7101523548505404,285,0.0
67,0,2,1,1,0,1,0,1,0,1,0,1,3.0549579602950674,1141,0.0
66,0,1,1,0,0,1,1,1,0,8,0,1,2.993259518485359,447,0.0
71,0,3,1,2,0,1,2,0,1,6,0,0,2.2266365714080787,3108,0.0
99,0,3,0,8,0,1,3,1,1,17,1,4,3.8809771300643803,115,1.0
167,0,4,1,4,1,1,9,1,1,26,1,0,3.62594384517009,11,1.0
214,0,6,1,3,0,2,19,0,0,10,0,1,3.973615103726056,132,1.0
59,0,2,0,0,0,0,5,0,0,0,1,0,3.416385559468477,2057,0.0
28,0,1,0,1,0,0,6,1,0,1,1,1,3.257441175501145,1553,0.0
171,0,14,1,5,1,2,9,1,0,5,1,3,3.958720266925496,79,1.0
76,0,3,0,2,0,0,7,1,0,7,0,1,3.488372868733363,731,0.0
74,1,12,0,2,1,4,6,1,1,20,1,2,3.7660270424896143,80,1.0
75,0,2,1,1,0,1,4,1,0,2,0,0,2.2049353146481283,840,0.0
210,0,14,0,5,1,1,16,1,1,9,1,3,4.446574089905331,152,1.0
246,1,14,0,6,1,2,19,1,0,20,1,3,4.549301386423286,177,1.0
40,0,3,1,1,0,1,7,1,0,3,0,0,3.3753122433857286,2651,0.0
48,1,1,1,2,1,1,5,1,0,9,0,0,3.1287080225806077,2285,0.0
72,1,7,0,4,1,4,8,1,1,22,1,4,4.099148418546282,69,1.0
51,0,3,1,0,0,0,6,1,0,5,0,0,3.017540134674353,2626,0.0
70,0,1,1,2,0,1,7,1,0,3,0,0,2.7524447133846413,1802,0.0
79,0,2,1,2,0,0,5,1,0,5,0,1,2.5751942518215385,1868,0.0
45,0,1,1,1,0,1,6,0,0,3,0,0,2.875631283174605,1139,0.0
203,1,12,0,5,1,4,18,0,0,5,0,0,4.447820238870328,141,1.0
68,0,3,1,1,0,1,1,1,0,2,1,0,2.292909999870741,1693,0.0
65,0,1,1,0,0,1,0,1,0,0,0,0,3.2036776182222404,949,0.0
149,1,11,0,6,1,3,15,1,1,24,1,0,4.620946336339785,25,1.0
92,1,10,1,6,1,2,15,1,0,15,1,0,4.724138529371392,159,1.0
188,1,11,0,6,0,3,15,1,1,22,1,4,3.882640149248569,102,1.0
80,0,4,0,7,0,4,8,1,1,27,0,3,4.767196371782219,106,1.0
193,0,9,0,8,0,3,19,1,1,19,1,0,4.238138015525147,129,1.0
110,1,9,0,5,0,1,13,1,1,24,0,2,4.7561743926251925,105,1.0
207,1,10,0,9,1,2,8,1,1,22,1,4,4.974597049422231,145,1.0
71,0,1,1,0,0,0,1,0,0,7,0,0,2.485857974844803,3359,0.0
207,1,9,1,5,1,3,8,1,1,24,1,4,4.312043957594198,119,1.0
31,0,3,1,2,0,1,7,1,0,8,0,0,2.59518932219848,1650,0.0
58,0,3,1,1,0,0,5,1,0,5,1,1,2.0674031786790894,2100,0.0
56,0,3,1,1,0,1,1,0,0,2,0,0,3.442201188576515,3491,0.0
206,0,9,0,2,0,2,10,1,1,16,1,4,3.709538558904408,73,1.0
31,0,3,1,2,0,1,6,1,0,3,0,0,2.0821808703873708,1055,0.0
174,0,4,1,5,1,4,16,0,1,26,0,3,4.225361878555801,44,1.0
27,0,1,1,2,0,1,4,1,0,0,0,1,3.042183497898177,2027,0.0
87,1,10,0,6,0,3,7,1,0,29,0,1,3.5581354033312738,68,1.0
40,0,1,1,1,0,0,6,0,1,9,0,1,2.1269407932801356,1029,0.0
67,1,7,1,2,0,3,19,1,1,9,1,3,4.120559047865045,66,1.0
39,0,1,1,1,0,1,0,0,0,0,0,0,3.141191763730097,950,0.0
186,1,14,1,2,0,1,17,1,1,23,1,4,4.975602550513637,75,1.0
201,1,11,0,5,1,1,3,1,0,27,1,2,4.925460520604272,147,1.0
29,0,1,1,2,0,1,4,1,0,1,0,1,3.1753340249636395,960,0.0
170,1,14,1,6,1,3,4,1,1,8,0,2,4.6457847503003205,21,1.0
51,0,2,0,2,0,1,0,0,0,9,0,0,2.0653923826888914,3252,0.0
74,0,3,1,2,0,1,3,0,0,7,0,1,2.286131494614896,376,0.0
46,0,1,1,1,0,0,5,1,0,3,0,1,2.1826495663993484,2515,0.0
57,0,1,1,0,0,0,5,1,0,1,0,0,2.6734696610957593,1096,0.0
27,0,3,1,1,0,1,5,0,0,6,0,0,2.4949539709170403,2769,0.0
37,0,2,1,2,1,0,7,1,0,4,0,0,2.5742978232253084,1080,0.0
28,0,3,1,2,0,1,4,1,0,4,0,1,2.589846046959316,1887,0.0
205,0,13,1,2,0,3,11,1,0,22,1,0,4.269253043652713,167,1.0
27,0,3,1,0,0,1,1,1,0,4,1,1,2.602445312499153,3439,0.0
195,1,4,0,6,1,3,6,0,1,18,0,4,4.930905128789613,60,1.0
80,1,4,1,4,0,1,19,1,1,29,0,0,3.949907734697095,152,1.0
220,1,8,0,3,1,2,16,1,1,18,1,4,3.660833591312731,146,1.0
128,1,11,0,6,0,1,15,1,0,6,1,0,3.7316236363088193,117,1.0
222,0,3,0,5,1,4,8,1,1,14,0,1,3.8486060693216197,173,1.0
67,0,1,1,0,0,0,4,0,0,5,1,0,2.771481398586367,933,0.0
145,0,9,1,3,0,4,10,1,1,26,1,4,3.759135134369315,29,1.0
187,1,10,1,6,1,2,3,1,1,25,0,3,4.178550138809856,14,1.0
141,0,8,1,9,1,2,17,1,1,10,0,4,4.906492190924888,28,1.0
237,0,11,0,4,1,2,18,1,1,23,1,3,3.881388741483396,32,1.0
66,0,2,0,2,0,1,0,1,0,2,1,1,2.533189777826208,247,0.0
24,0,2,1,2,0,1,7,1,0,0,0,0,2.7047128443243516,519,0.0
235,1,3,0,3,1,4,19,1,1,16,0,0,3.528648799030589,126,1.0
79,0,2,1,1,0,1,7,1,0,4,0,1,2.400942623114757,2167,0.0
186,0,12,1,7,0,1,11,0,1,14,1,3,3.7582962191354494,49,1.0
26,0,3,1,2,0,1,4,0,0,7,0,0,3.417508674513022,3155,0.0
72,0,3,1,1,0,0,1,1,0,8,0,1,2.687565558707991,1848,0.0
196,1,7,0,7,0,3,19,1,0,17,1,1,4.32032176068115,136,1.0
240,1,13,0,8,1,4,7,1,1,27,1,1,3.6065561321050117,98,1.0
84,1,13,0,6,1,4,11,1,1,11,1,4,4.760028247881047,170,1.0
53,0,1,0,1,0,0,2,0,0,7,0,0,2.0898899723456825,428,0.0
60,0,3,1,2,0,1,5,0,0,5,0,0,2.300100106426349,3525,0.0
78,0,2,1,1,0,1,2,0,0,1,0,0,2.3967082363054955,3098,0.0
79,0,2,0,0,0,1,5,0,1,7,0,1,3.257619096751056,2684,0.0
53,0,3,1,0,0,1,6,0,0,6,0,1,2.6393471873971466,1996,0.0
111,1,12,0,2,1,2,11,1,0,22,1,1,4.155136726770612,66,1.0
113,0,7,0,5,1,1,12,1,1,5,0,1,4.271340516898967,4,1.0
125,1,10,0,7,1,1,4,1,0,23,1,4,3.5055536102486253,85,1.0
80,0,11,0,9,1,1,10,0,0,7,1,1,4.749040619524131,16,1.0
140,1,13,0,2,0,3,9,1,0,21,1,3,4.021673604573331,56,1.0
59,0,1,1,2,0,1,7,0,0,8,0,1,2.6676665520801923,3385,0.0
103,0,9,0,2,1,4,13,0,0,12,0,1,4.126087436009151,130,1.0
148,1,3,0,7,1,1,19,1,1,26,0,4,4.808779927744044,116,1.0
67,0,2,0,0,0,1,7,0,0,2,0,0,3.0968207299944215,2698,0.0
30,0,3,1,1,0,0,2,1,0,5,0,1,2.610712076833867,2763,0.0
38,0,1,1,2,0,1,4,1,0,2,0,1,2.8854680157361425,1013,0.0
35,0,2,1,2,0,0,7,1,0,7,0,1,2.460500274272501,1544,0.0
27,0,3,1,1,0,0,0,0,0,6,0,0,3.324463249746346,2273,0.0
87,1,3,0,5,0,1,18,1,1,18,0,2,3.627902512417516,158,1.0
30,1,2,1,0,1,0,6,1,0,7,1,1,3.455281586459409,2713,0.0
144,1,11,1,7,1,4,3,1,1,27,0,4,4.534686870969299,167,1.0
65,0,2,0,2,0,1,4,0,0,9,0,1,3.3368939733730976,377,0.0
94,0,10,0,6,0,3,6,1,0,17,1,3,4.679497483092561,177,1.0
183,1,8,0,4,1,1,4,0,1,29,1,3,4.173902237698455,64,1.0
63,0,3,1,2,0,0,0,0,0,8,1,0,2.5731722967642776,2323,0.0
27,0,1,1,1,0,0,5,1,0,8,0,0,2.1927559677518147,848,0.0
59,0,2,0,1,0,0,4,0,0,3,0,1,3.330360086588264,2797,0.0
86,1,14,0,2,0,4,8,1,1,19,0,1,4.026166434515468,105,1.0
71,0,1,1,0,0,0,3,1,0,9,1,0,2.8312905449230974,2709,0.0
111,1,10,0,9,1,2,17,1,0,11,0,4,4.804028451488521,3,1.0
65,0,2,1,0,1,1,2,1,0,8,1,0,2.1471783108507685,638,0.0
33,0,2,1,1,0,0,7,0,0,5,0,0,3.414851425020453,3224,0.0
228,1,10,1,3,1,1,14,0,0,16,0,4,4.490582378593738,31,1.0
52,0,2,1,0,0,1,7,1,0,9,0,0,2.2611638712998525,1384,0.0
73,1,2,1,0,0,1,4,1,1,6,0,1,3.301466049368,2106,0.0
77,1,5,1,5,1,2,17,1,1,5,1,4,3.900158095435886,73,1.0
25,0,1,1,1,0,1,4,0,0,1,1,0,2.1737707288960078,1842,0.0
152,1,8,0,7,1,2,15,1,1,21,0,1,3.9431330544706475,156,1.0
33,0,1,1,0,0,0,0,0,0,7,0,0,3.060309268315158,464,0.0
183,0,3,1,6,0,4,10,0,0,23,1,3,4.318502997452952,105,1.0
48,0,3,0,2,0,0,3,0,0,5,1,0,3.2193572461291984,1269,0.0
70,0,1,1,1,0,0,7,0,0,8,0,1,2.9965022666934167,1889,0.0
231,1,4,1,5,1,4,10,1,1,12,1,0,4.818119785515394,36,1.0
58,0,3,1,0,0,1,1,1,0,2,0,1,3.303445659272441,361,0.0
152,1,9,0,5,1,2,5,1,1,12,0,2,3.543201770819778,131,1.0
21,0,1,1,1,0,0,3,1,0,6,0,1,2.190978893382937,3042,0.0
247,0,5,0,4,1,2,17,1,1,20,1,3,4.489990175202976,38,1.0
118,1,9,0,6,0,1,14,1,0,15,0,3,4.175164788027544,25,1.0
175,1,5,1,4,1,4,6,1,1,8,1,0,4.007346450975927,173,1.0
30,0,1,1,0,0,0,4,0,0,2,0,1,3.4916465038141453,1741,0.0
177,1,9,0,3,1,2,11,1,0,21,1,3,4.954236349109268,147,1.0
89,1,12,0,4,0,4,15,1,0,23,0,0,4.240110050620093,141,1.0
74,0,8,0,2,1,1,19,1,1,23,0,3,3.6358392014013807,166,1.0
172,1,6,1,3,1,2,14,1,1,16,0,1,4.997299861498426,146,1.0
50,0,3,0,1,0,1,1,0,1,4,0,1,2.3810530976712627,2556,0.0
44,0,1,0,0,0,1,1,0,0,1,1,0,2.743286934967767,846,0.0
220,0,3,0,3,1,3,18,1,1,10,1,4,4.713792205485111,40,1.0
222,1,10,1,8,1,1,5,1,0,21,0,4,3.7742967901323086,57,1.0
112,1,13,0,5,1,1,15,1,1,29,0,1,4.518331005783177,139,1.0
205,1,3,0,3,0,1,15,1,1,23,1,3,4.722190501285488,34,1.0
74,1,4,1,8,0,4,13,1,0,27,1,3,4.225324776185554,102,1.0
211,1,4,1,9,1,3,11,1,0,22,0,1,3.8906046631818625,73,1.0
154,1,6,0,3,1,3,6,1,0,20,1,4,3.6785319567397115,146,1.0
71,0,2,1,2,0,1,1,0,0,3,0,0,3.446764333987482,1532,0.0
50,0,1,1,0,0,0,4,1,0,9,0,1,3.212573646859174,3497,0.0
72,1,3,1,0,1,0,3,1,0,8,0,1,2.624076357705154,3077,0.0
232,1,13,1,5,1,2,8,1,0,19,1,1,4.360147738033492,77,1.0
81,0,13,0,4,0,4,6,1,1,27,1,1,4.881715820271262,25,1.0
38,0,3,1,0,0,1,3,0,0,8,0,0,2.5214985061383,1217,0.0
69,0,2,1,1,0,0,6,1,0,6,0,1,2.1762079104092886,1752,0.0
50,0,3,0,1,0,1,7,0,0,1,0,0,2.835434194791103,3263,0.0
131,1,10,0,6,0,2,14,1,1,26,1,4,3.6999902245138627,32,1.0
48,0,1,1,2,0,1,6,0,0,0,1,1,3.396696763353274,3184,0.0
188,0,13,1,2,1,3,7,1,1,26,1,2,4.250050873354412,155,1.0
104,1,7,1,4,1,3,3,1,1,18,1,3,4.807378824293609,11,1.0
149,0,9,0,4,1,2,10,1,1,14,0,3,4.290575234738846,92,1.0
158,0,7,1,2,0,3,19,1,0,17,0,1,4.003523600964263,30,1.0
25,0,1,1,0,0,0,6,0,0,3,1,0,2.429279370026201,1549,0.0
62,0,1,1,0,0,1,1,1,0,2,0,1,2.458344591532145,2552,0.0
76,1,11,1,2,0,4,19,1,1,18,1,3,3.710887877260048,58,1.0
69,0,1,1,2,0,1,6,1,0,3,0,1,2.149236400493559,3321,0.0
163,1,12,1,7,1,3,4,1,0,12,1,2,4.13717501228628,89,1.0
106,1,14,0,7,1,2,11,1,1,7,0,0,3.788519544730873,174,1.0
71,1,3,0,3,1,3,18,1,1,28,1,3,3.705579204242233,73,1.0
42,0,3,0,2,0,1,7,0,0,8,0,0,3.33048060428498,1406,0.0
220,1,7,0,2,1,3,6,1,1,5,0,0,4.605239683627256,89,1.0
59,0,3,1,1,0,0,2,1,0,1,0,0,2.967705685903581,3446,0.0
181,0,9,1,3,1,3,15,1,1,24,0,4,4.843589533272672,22,1.0
172,1,7,0,2,1,1,19,1,1,29,1,1,4.898522212450566,159,1.0
63,0,2,1,2,0,0,6,0,0,1,0,1,3.0870564127228373,1817,0.0
73,1,5,0,4,1,1,10,0,1,14,0,1,4.515717450007504,175,1.0
46,0,2,0,1,0,1,4,1,0,6,0,0,2.0697440595369567,2654,0.0
28,1,1,1,1,0,1,4,0,0,7,1,1,2.3808212691860478,2845,0.0
47,0,2,0,1,0,1,5,0,0,2,0,0,2.857823882399165,2574,0.0
152,1,13,0,6,1,4,7,1,1,13,1,0,3.5856415068619154,14,1.0
223,0,3,1,8,1,4,9,1,1,22,0,4,4.839670611983709,90,1.0
61,1,12,0,3,0,4,16,1,1,26,1,3,4.521429937105364,75,1.0
31,0,3,1,2,0,1,4,0,0,0,0,1,2.167456167981778,483,0.0
175,0,13,1,2,1,3,3,1,1,20,1,0,4.272176352399701,99,1.0
217,1,5,1,6,1,3,17,0,1,15,0,4,4.859151393020639,26,1.0
204,1,4,0,5,0,4,3,1,0,22,1,2,4.920320294511535,75,1.0
54,0,3,1,1,0,0,6,1,1,2,0,0,2.7450159103665914,2365,0.0
49,0,2,1,1,0,1,3,1,0,9,1,0,3.2332088136501547,3106,0.0
32,0,3,1,0,0,1,4,0,0,8,0,0,3.421906019569477,639,0.0
57,0,2,1,0,0,0,6,1,0,1,1,0,3.041340224062557,1084,0.0
199,1,13,1,6,0,4,16,1,1,27,0,4,4.629271212637076,106,1.0
126,1,9,0,6,1,1,7,1,0,17,1,3,4.135223013873999,139,1.0
60,0,11,0,9,1,1,4,1,1,26,1,0,3.9498114026660973,161,1.0
26,0,2,1,0,0,1,4,0,0,2,0,1,2.978089813991937,385,0.0
160,0,11,0,4,0,4,3,1,1,17,0,1,3.615193526430101,5,1.0
80,1,9,0,3,1,1,12,1,1,12,1,3,4.725786576089962,110,1.0
130,1,11,0,6,1,4,7,1,0,22,0,4,4.849614617613307,75,1.0
61,0,3,1,2,1,1,7,0,1,1,0,0,2.019846918790427,754,0.0
158,0,4,0,6,0,1,15,1,0,22,0,3,3.8198058970837026,155,1.0
135,1,12,0,3,1,1,12,0,0,20,0,1,4.465579709487419,99,1.0
239,1,11,1,3,1,1,12,1,1,10,0,4,3.569294724802443,148,1.0
42,0,3,1,2,0,0,2,1,0,5,0,1,2.475328328258406,3265,0.0
29,0,1,1,2,0,0,7,1,0,9,0,1,2.194955654928219,881,0.0
156,1,11,0,7,1,3,18,0,0,14,1,3,4.8674493705627135,163,1.0
31,0,1,1,2,0,0,6,1,0,2,1,1,3.1730514048273784,2317,0.0
75,0,3,1,1,0,0,1,0,0,8,0,0,2.403091204197186,1118,0.0
49,0,1,1,1,1,1,5,1,0,7,0,0,3.2637170573023475,2905,0.0
63,0,3,1,1,0,1,3,0,0,5,0,0,2.409015578591722,698,0.0
53,0,3,1,1,0,1,5,1,0,1,0,0,3.105028813804048,2189,0.0
59,0,2,1,2,0,1,7,0,0,3,0,1,2.026202195418504,2761,0.0
45,0,2,1,2,1,0,0,1,1,2,0,1,2.8603769104306838,3170,0.0
165,1,10,0,9,1,3,5,1,1,27,0,0,4.563446400685667,5,1.0
122,1,10,0,7,1,2,19,1,1,25,0,2,3.715432067103224,23,1.0
97,1,7,1,8,0,4,5,1,1,20,0,1,3.912755168732102,108,1.0
83,0,10,1,3,1,3,19,1,1,7,1,3,3.7853418962302063,157,1.0
35,0,2,1,2,0,0,0,1,0,6,0,0,2.7541755661579574,2954,0.0
189,0,4,0,9,0,2,6,1,1,8,1,3,4.818986695043841,93,1.0
221,1,7,1,3,1,2,15,1,1,24,0,4,3.964503305601939,119,1.0
210,0,14,1,8,0,3,17,1,1,18,1,1,4.330969230830121,27,1.0
113,1,9,1,8,1,2,5,0,0,28,0,4,3.9834872367041374,177,1.0
72,0,1,1,2,0,1,7,1,0,8,0,0,3.268005833759621,715,0.0
28,0,1,1,2,0,1,5,0,0,5,0,1,2.735525661583491,3456,0.0
67,0,2,1,0,0,1,7,1,0,4,0,1,2.9226898738254676,3480,0.0
108,1,4,0,5,1,4,4,1,1,23,0,2,4.18670739883881,109,1.0
238,1,7,1,4,0,3,16,1,1,27,1,0,4.017896828085579,97,1.0
59,0,3,1,2,0,0,1,1,1,8,0,1,3.4522372493412745,2431,0.0
64,1,7,1,6,1,1,8,0,1,25,1,4,3.8910631611992783,64,1.0
73,0,1,1,1,0,1,3,1,0,5,0,0,2.8133065830789725,3526,0.0
107,0,3,1,9,0,2,5,1,1,25,1,1,3.5287518312874666,65,1.0
50,0,1,1,2,0,1,5,1,0,7,0,1,2.7711303123189106,1390,0.0
73,0,2,1,2,0,1,1,0,0,6,1,0,2.445417643930358,3419,0.0
162,1,3,0,8,0,2,13,1,1,25,0,0,3.9074962870454835,177,1.0
204,1,5,0,9,0,4,13,1,1,23,1,4,4.683390535923319,2,1.0
72,0,1,1,1,0,1,4,0,0,7,0,1,2.3745205819707667,2953,0.0
38,0,3,1,1,0,0,7,0,0,1,1,0,3.1491826270176952,2599,0.0
71,0,1,1,1,0,0,4,0,0,4,0,1,3.42671934710812,1954,0.0
38,0,1,1,0,1,1,1,1,0,5,1,0,2.0878440657807174,2423,0.0
75,0,13,0,5,1,1,8,0,0,9,1,2,3.873195595629722,135,1.0
174,1,10,0,2,0,1,14,0,1,15,1,0,4.436170130068482,137,1.0
134,1,8,1,6,0,3,6,1,1,17,1,1,3.830491090156374,30,1.0
158,1,8,1,6,0,4,18,1,1,10,0,1,3.656623054247177,165,1.0
119,1,5,0,8,1,3,5,1,1,29,1,0,4.17251970578695,138,1.0
145,0,11,0,9,1,3,6,0,1,7,1,1,4.8028292461787565,162,1.0
46,0,3,1,1,0,0,3,1,1,6,0,0,3.3855340115328056,434,0.0
78,0,2,1,0,0,1,0,0,0,1,0,0,2.423342894177167,2735,0.0
83,0,12,0,2,0,2,17,1,0,23,0,0,3.906713380070882,120,1.0
78,0,2,1,2,0,1,2,0,0,6,0,0,2.2464469759287082,3588,0.0
175,1,13,0,5,1,3,19,1,1,25,1,4,3.693629292713693,100,1.0
96,1,7,0,9,0,2,13,0,1,16,0,4,4.9216940990216855,17,1.0
47,0,2,1,1,0,1,1,0,0,5,0,0,2.2584677559461745,1219,0.0
163,1,7,0,5,0,3,13,1,1,29,1,1,4.071335543936994,8,1.0
225,1,10,0,3,1,2,8,1,1,16,1,2,4.534125700806987,143,1.0
190,1,4,1,7,0,2,7,1,0,9,1,1,4.3539469012021925,24,1.0
169,0,12,1,2,1,1,8,1,1,21,0,1,3.992855949098441,34,1.0
129,1,14,1,9,1,4,18,0,0,28,0,4,4.868907540324665,96,1.0
168,0,3,1,2,1,2,19,1,0,25,1,1,3.812159051894559,45,1.0
155,1,7,1,7,1,1,15,1,1,8,0,1,3.686920078517491,105,1.0
229,1,4,0,9,1,1,17,1,0,20,0,0,4.369395091119011,145,1.0
78,0,2,0,2,0,0,5,1,0,7,1,0,2.5412999029702066,2202,0.0
162,1,8,0,7,0,4,14,1,0,20,1,0,4.583324148010469,89,1.0
206,0,12,1,2,0,4,17,1,1,23,1,2,3.706601148331713,81,1.0
193,1,12,0,9,0,1,10,1,1,18,1,2,4.735619581926201,90,1.0
81,0,6,1,9,1,1,17,1,0,19,1,3,4.481519689479287,17,1.0
39,0,1,1,0,0,1,1,1,1,5,0,0,3.141590575951214,282,0.0
219,0,10,1,6,1,2,11,1,1,13,1,1,4.1808892046326935,24,1.0
85,1,7,0,6,1,2,19,1,1,21,1,2,3.697710244845019,138,1.0
79,0,3,1,2,0,0,6,1,0,3,0,1,2.2176341699587074,3491,0.0
143,1,12,0,5,0,4,15,0,1,20,1,4,3.8976698756227233,173,1.0
58,0,1,1,2,0,1,4,0,0,6,0,1,3.013399802261188,3559,0.0
101,1,11,0,7,1,4,18,1,1,26,1,3,3.5406217005050764,148,1.0
187,1,13,1,5,0,2,11,1,0,19,1,3,3.654824973318499,10,1.0
248,1,3,1,4,0,4,17,1,0,27,1,1,4.777768888758332,96,1.0
67,0,3,1,0,0,0,2,0,0,1,0,1,2.5050107513805386,3426,0.0
248,1,12,0,8,1,3,6,1,1,7,0,3,4.865324982449967,105,1.0
113,1,4,1,4,0,4,14,1,1,25,0,2,4.9797311023575945,152,1.0
78,0,2,1,2,0,1,5,1,0,8,0,0,2.2598275717803507,338,0.0
41,0,1,0,1,0,0,1,1,0,4,0,1,3.2175703965812508,1768,0.0
129,1,13,1,9,1,3,15,1,0,11,1,4,3.960396609471849,76,1.0
111,1,11,0,8,1,3,12,1,0,15,1,0,4.478713933260848,122,1.0
77,0,2,1,1,0,1,0,1,0,5,0,0,2.5494927870481376,487,0.0
203,1,14,1,5,0,1,6,1,1,11,1,1,4.492716092861637,171,1.0
231,1,13,1,9,1,4,9,1,1,23,0,1,3.645527327355634,158,1.0
78,0,2,1,2,0,1,1,0,0,1,0,1,2.9916768910182867,2294,0.0
69,0,1,0,2,0,0,3,0,0,3,0,0,2.2210466032323666,2752,0.0
60,0,9,1,8,1,3,8,1,0,18,1,4,3.503114776400122,47,1.0
37,0,2,1,1,1,1,2,1,0,5,0,0,3.197741800289844,3611,0.0
61,0,3,0,1,0,1,3,0,0,5,0,0,2.7868783686102865,3612,0.0
196,1,3,0,9,1,4,15,1,0,27,1,2,4.432278086051073,179,1.0
114,1,9,1,9,0,2,14,1,0,5,0,4,4.325526918258126,45,1.0
31,0,1,1,1,0,1,7,0,1,5,0,1,3.4819894886699254,2968,0.0
195,1,14,1,6,0,1,15,1,1,10,1,3,4.466727592280891,138,1.0
66,0,1,1,0,0,0,7,1,0,6,1,0,2.2085886886908943,2629,0.0
112,0,7,1,8,1,4,6,1,1,17,0,1,3.5718708018700007,166,1.0
202,1,5,1,9,1,2,5,0,0,18,1,3,4.211114396161786,170,1.0
227,1,7,0,7,1,2,12,1,1,16,1,4,3.8056332287749157,171,1.0
43,1,1,1,1,0,1,6,0,0,3,1,0,2.8201806872424253,2702,0.0
31,0,1,1,2,0,0,4,0,0,4,0,1,2.2401442064861667,1082,0.0
247,0,3,1,8,1,4,6,1,1,16,1,1,4.269294319065486,160,1.0
181,1,13,1,4,0,4,18,1,1,28,0,4,4.373356173203879,150,1.0
67,0,2,0,0,0,1,1,0,1,2,0,1,3.1582284972396732,439,0.0
61,1,2,1,1,0,0,1,1,0,7,0,1,2.4459765642680704,3120,0.0
76,0,2,1,0,0,1,1,0,0,3,1,0,2.6729198792445077,2706,0.0
22,0,3,1,1,0,0,4,1,0,6,1,1,2.334461732014973,3514,0.0
53,0,3,1,1,1,0,4,0,0,2,0,1,2.8916140757136093,394,0.0
107,0,3,0,3,0,4,13,1,0,16,1,3,4.975896410213603,24,1.0
148,1,9,1,9,0,4,13,1,0,7,1,4,3.8454788370243165,156,1.0
44,0,3,1,1,0,0,5,0,0,1,1,1,2.071097866896746,3359,0.0
61,0,3,0,2,0,1,5,1,0,2,0,1,3.2514168485831836,932,0.0
59,0,1,1,0,0,1,6,1,0,6,0,1,2.70216858568239,1230,0.0
67,0,2,1,0,0,0,3,0,0,7,0,1,2.184259968285656,2697,0.0
66,1,12,1,4,0,2,9,0,0,14,1,3,4.408630595781402,56,1.0
46,0,2,1,1,0,1,1,1,0,8,0,0,3.0510568642810525,805,0.0
75,0,2,1,1,0,0,3,0,0,1,0,0,3.034210849110146,3409,0.0
76,0,3,1,0,0,0,3,1,0,0,0,1,2.588677827302762,1666,0.0
78,0,3,1,0,0,1,2,1,0,7,0,0,3.1984473538006184,251,0.0
39,1,3,1,0,0,1,3,1,0,8,0,1,2.615245653845956,1559,0.0
183,1,4,0,2,0,1,12,1,1,29,1,0,4.271842685522447,87,1.0
112,1,3,0,3,1,3,5,0,0,9,0,1,3.7812566856784704,176,1.0
23,0,2,0,1,0,0,6,1,0,1,0,1,3.447711051106529,1583,0.0
213,1,12,1,9,1,4,8,1,1,10,0,3,3.91571652781004,4,1.0
41,0,3,1,2,0,0,0,1,0,3,0,0,2.8949621080906027,2702,0.0
64,1,10,0,9,1,1,19,0,0,22,0,1,4.6550318426837425,65,1.0
117,1,11,1,9,1,2,4,1,0,11,0,3,3.630174431097486,164,1.0
107,1,14,0,6,0,1,17,1,0,23,1,0,3.603391817201973,66,1.0
247,1,10,0,5,0,4,4,1,1,23,1,1,4.271122881149278,50,1.0
53,0,3,1,2,0,1,2,1,0,4,0,1,2.436295902694548,629,0.0
107,0,12,1,7,0,4,11,0,1,26,1,1,3.784165149751104,150,1.0
220,0,5,1,9,1,3,19,1,1,26,1,2,4.161108561626396,152,1.0
219,0,14,1,8,0,1,7,1,1,13,1,3,4.269890756855664,86,1.0
105,0,14,0,7,1,1,13,1,1,12,1,0,4.2035896165851785,91,1.0
117,1,13,0,3,1,1,12,1,1,26,0,0,4.679758570292183,167,1.0
206,1,10,1,8,0,2,18,1,1,25,0,2,3.6642364588316934,16,1.0
176,0,10,1,7,0,2,4,1,0,13,0,1,3.5485837066639925,95,1.0
62,1,10,1,9,0,3,9,1,1,26,0,0,4.613448135100916,20,1.0
126,1,9,0,7,1,1,17,0,0,10,1,4,3.8552742058948195,28,1.0
35,0,1,1,0,0,0,1,0,0,9,1,1,3.337707329127653,1357,0.0
24,0,3,1,1,0,1,4,0,0,1,0,1,2.1900825064290155,2860,0.0
127,1,11,0,9,0,1,6,1,0,24,0,0,4.7375529787142,160,1.0
37,0,1,1,1,0,0,2,0,0,4,0,0,2.6061207942399642,362,0.0
55,1,1,1,1,0,0,6,1,0,4,1,1,2.0550260080918132,1572,0.0
46,0,1,1,2,1,0,0,0,1,6,1,0,3.4444309303629947,835,0.0
63,0,1,1,2,0,1,0,1,0,5,0,1,2.953432047098007,2711,0.0
63,0,3,1,0,0,1,1,1,0,2,1,1,2.2885596383937035,906,0.0
22,1,1,1,2,0,1,3,1,0,5,0,1,3.0131834270348756,555,0.0
188,1,7,0,6,1,1,9,1,1,29,1,1,4.286294406594961,129,1.0
73,0,2,0,1,0,0,3,0,0,9,0,0,3.058034504533131,3175,0.0
32,0,3,1,0,0,0,2,1,0,3,0,1,2.6461417375426026,686,0.0
49,0,1,1,1,0,1,7,0,0,3,0,1,2.13117362655333,2117,0.0
54,0,3,1,2,0,1,6,1,0,3,0,0,3.1431627000461564,3613,0.0
72,1,11,1,8,0,3,4,1,1,8,1,1,4.725660648750142,136,1.0
244,1,9,0,6,1,4,4,1,0,8,0,3,3.8777101490763224,98,1.0
155,0,5,1,4,0,3,5,1,0,25,0,4,4.2409687237102816,6,1.0
79,0,1,1,0,0,1,6,0,0,8,0,0,2.131799496397914,3340,0.0
45,0,3,1,1,0,0,4,0,0,5,0,1,2.4581157964572724,2108,0.0
52,0,2,1,0,0,1,6,1,0,9,0,0,3.2395447772846966,3511,0.0
145,1,7,0,4,1,1,16,1,0,16,0,4,3.526505067193151,14,1.0
212,1,7,1,7,1,1,12,1,1,12,1,4,4.6870443786843285,150,1.0
165,1,9,1,6,0,2,9,1,0,17,0,2,3.9174014912281545,12,1.0
64,1,13,0,5,1,2,15,1,1,12,0,1,4.666576233608826,142,1.0
73,0,2,1,2,0,1,5,1,0,6,0,0,3.3026938684212057,1600,0.0
51,0,1,1,1,0,0,0,0,0,0,0,0,2.8874870982855056,857,0.0
109,1,8,1,5,1,4,9,1,1,20,1,1,3.9125371587316966,49,1.0
195,1,5,0,5,0,2,8,1,1,23,1,3,4.148346589256763,23,1.0
100,0,9,1,5,1,2,13,1,0,12,0,4,3.8387594483350878,59,1.0
209,1,5,0,9,1,3,11,1,1,29,1,2,4.847219667230151,8,1.0
42,0,1,1,2,1,1,5,0,0,5,0,1,2.443398687477318,2015,0.0
242,0,3,0,7,1,4,15,1,1,17,1,4,3.865562317856514,46,1.0
91,1,11,0,4,0,1,5,1,1,28,1,0,3.743841808897123,148,1.0
247,0,5,0,6,0,3,16,1,1,11,1,1,4.583617076695317,128,1.0
68,0,2,0,0,0,1,0,1,0,0,0,1,2.0238400897100055,1064,0.0
112,0,13,0,4,0,4,8,1,0,28,1,3,4.573046172843334,138,1.0
170,1,6,1,3,0,2,14,1,0,7,0,2,3.748130228192614,108,1.0
27,0,2,1,0,0,0,7,1,0,7,0,0,3.433792520562107,2033,0.0
52,1,2,1,1,0,1,5,1,0,2,0,0,3.4767010596389243,1183,0.0
65,0,2,1,1,0,0,6,0,0,3,1,0,2.5759088345558885,1118,0.0
64,0,1,1,1,0,0,5,1,1,9,0,0,2.4699857053651875,2050,0.0
53,0,1,1,1,0,1,6,1,0,0,0,0,2.202841776432746,3066,0.0
71,0,3,1,2,1,0,3,1,1,4,0,1,2.4674766509144774,1218,0.0
100,1,9,1,5,1,3,7,1,1,16,0,2,4.263703119382399,91,1.0
147,1,13,0,3,1,4,8,1,1,9,0,3,3.859468677436335,25,1.0
116,1,12,0,8,1,3,4,1,1,15,1,4,3.826623057251033,66,1.0
77,1,3,1,1,0,0,1,1,0,8,0,0,2.21383438570241,2372,0.0
190,0,4,0,3,1,4,18,1,0,6,1,4,4.535184676523012,165,1.0
123,0,14,1,6,1,2,18,1,1,21,0,2,4.270933170036062,49,1.0
67,1,11,0,8,0,4,7,1,0,19,0,2,4.842614838742767,58,1.0
167,1,7,0,4,0,1,5,0,0,21,0,4,4.248779676399995,166,1.0
159,1,10,0,5,0,2,11,1,0,26,0,3,4.448180182873477,166,1.0
75,0,3,1,0,0,1,4,0,0,1,0,1,2.2527808882156393,2834,0.0
56,0,1,1,0,0,1,2,0,0,1,0,0,3.0620169963069346,2757,0.0
44,0,1,1,2,0,0,3,0,0,9,0,1,2.9679962192442826,817,0.0
130,1,11,1,9,1,3,17,1,0,15,1,1,3.9549244091067908,129,1.0
113,0,11,0,5,0,3,4,1,0,11,0,0,3.510564371936213,42,1.0
86,1,5,0,7,1,3,5,1,0,10,1,1,3.9007161048059737,26,1.0
203,1,14,1,4,1,3,18,1,0,17,0,0,3.6387928315500786,159,1.0
184,0,10,0,2,1,3,8,1,0,18,0,4,3.643338655937503,77,1.0
63,0,3,1,2,0,1,0,1,0,1,0,0,2.571898578633571,2395,0.0
27,0,3,1,0,0,0,4,0,0,3,0,1,3.3706943891399432,2275,0.0
75,0,2,1,0,0,1,6,0,1,9,0,0,2.835077938599748,1678,0.0
180,1,6,0,3,1,1,19,0,1,23,1,1,4.500403126335826,104,1.0
194,1,6,0,4,1,1,18,0,1,27,1,4,4.233858292141662,107,1.0
39,0,1,1,0,1,0,3,0,0,7,0,0,2.4284974832700845,2388,0.0
62,0,1,1,2,0,0,7,1,0,4,1,1,2.055166689099635,1555,0.0
42,1,1,1,0,0,0,7,0,0,6,0,1,3.1528627586140976,2638,0.0
20,0,2,1,2,0,1,6,0,0,3,0,0,3.39711549168959,2931,0.0
196,1,3,0,6,1,1,7,0,1,21,1,3,3.775135465246934,74,1.0
78,0,1,1,2,0,1,5,1,0,9,0,1,3.3183998276784585,2671,0.0
64,0,3,1,2,0,0,6,0,0,6,0,0,2.1791009631144704,2444,0.0
70,0,11,0,7,0,1,15,1,0,28,0,1,4.507490346496848,78,1.0
60,0,2,1,1,0,0,5,0,0,5,0,0,2.959896031175787,1296,0.0
87,1,9,0,5,1,2,5,1,0,19,0,0,4.892021355094071,23,1.0
211,1,10,1,9,0,1,16,1,1,26,1,4,4.6949673035227075,132,1.0
217,0,9,0,3,1,4,8,1,0,9,0,1,4.964129036299358,120,1.0
63,0,2,1,0,0,1,3,1,0,0,1,1,3.115384109781839,1528,0.0
219,1,12,0,7,0,1,16,1,1,22,0,3,4.389044099964317,103,1.0
249,1,12,0,5,1,2,5,1,0,14,0,3,4.865997493075833,1,1.0
70,0,3,1,0,0,1,0,0,0,4,0,1,2.9591369602648565,1430,0.0
97,1,8,1,2,0,1,14,1,1,5,1,2,3.7781132755610813,12,1.0
154,1,12,0,8,0,1,14,1,0,20,1,0,4.727461726512955,10,1.0
35,0,1,1,2,0,0,3,0,0,9,0,1,2.6262118341172496,2413,0.0
31,0,1,1,2,0,1,7,1,1,5,0,1,2.7569636564885847,3407,0.0
63,1,5,0,5,1,3,6,1,1,10,1,0,3.583167853555762,115,1.0
119,0,13,1,9,1,2,6,0,1,24,0,0,3.85519637818427,99,1.0
35,0,2,0,1,0,1,2,0,0,0,1,1,3.0332777934509974,2529,0.0
48,0,3,0,1,0,0,6,0,0,0,0,0,2.5433425459079904,402,0.0
190,1,5,0,2,1,4,5,1,1,5,1,2,4.481330693043519,12,1.0
39,0,1,0,0,0,0,1,0,0,9,0,1,3.1872325735171363,2497,0.0
183,1,9,1,2,0,4,19,1,1,23,0,4,3.5110878521664395,90,1.0
47,0,3,0,0,0,0,0,0,0,2,1,0,3.114502877781422,2944,0.0
109,1,6,0,3,0,4,7,1,0,17,0,0,4.774919743917783,137,1.0
75,0,3,1,0,0,1,4,1,0,2,1,1,3.2522040019317497,2016,0.0
179,0,9,1,9,1,2,6,1,1,16,1,4,4.949838377832715,83,1.0
57,0,1,1,1,0,1,5,0,0,7,0,0,2.8594904661703895,2231,0.0
162,1,14,1,9,1,4,11,1,1,19,0,2,4.445262627330562,1,1.0
72,0,7,0,2,1,3,14,0,0,17,0,0,4.431659487365304,167,1.0
63,1,12,0,4,0,4,12,0,0,26,1,0,4.093127405363568,50,1.0
41,0,3,1,0,0,1,4,1,0,4,1,0,2.005304935554837,433,0.0
173,0,3,0,3,0,4,19,1,1,19,0,2,4.128393835906128,114,1.0
110,1,10,0,6,0,2,3,1,1,11,1,2,4.849118783250988,92,1.0
188,1,8,0,7,0,2,4,1,1,13,1,4,4.804424686598392,76,1.0
183,1,7,0,8,1,3,4,1,1,18,1,2,4.624318346331628,127,1.0
244,1,4,0,6,1,2,16,1,1,26,1,1,4.432971185140811,71,1.0
131,1,5,1,8,1,1,19,1,1,19,0,1,4.1662759218822565,42,1.0
68,0,1,0,1,0,1,7,1,0,9,1,0,2.0281764891307725,1277,0.0
22,0,1,1,0,0,0,3,1,0,7,0,1,2.3359076499645433,3537,0.0
46,0,2,1,1,1,1,1,1,0,2,0,0,2.9538117909965105,1148,0.0
52,0,1,0,0,0,1,1,1,0,3,0,1,2.097701752165942,1882,0.0
231,0,8,0,4,1,2,6,0,1,18,1,1,4.353474791456184,30,1.0
194,0,4,0,7,1,2,3,1,1,26,0,3,4.799349305401505,41,1.0
107,1,8,0,9,1,4,13,1,1,5,1,2,4.085443320819156,41,1.0
60,0,1,1,0,0,1,0,0,0,5,0,0,2.8104413640085495,1679,0.0
189,1,5,1,7,1,3,10,0,1,24,0,4,4.922780491270872,139,1.0
44,0,2,0,0,0,1,6,0,1,3,0,1,3.329879901590515,1114,0.0
70,0,1,1,2,0,1,1,1,0,6,1,1,3.2971504881382963,1457,0.0
163,1,6,1,9,1,3,9,1,1,6,0,4,3.7474010402790965,113,1.0
119,1,9,0,3,0,1,18,0,1,16,1,3,4.525682301334812,157,1.0
80,1,3,1,8,1,2,15,1,0,12,0,2,4.8335182851664396,154,1.0
158,0,11,0,9,0,2,18,1,0,8,1,2,3.8346295017934624,147,1.0
239,0,8,0,6,0,2,3,1,1,14,1,0,4.358257942675655,120,1.0
29,0,2,1,1,0,1,1,0,0,4,0,1,2.3288985523888703,1322,0.0
69,0,3,1,2,0,0,6,0,0,5,1,0,2.3261931253870816,2503,0.0
48,0,3,1,2,0,1,0,0,0,9,0,0,3.205915296164078,3639,0.0
158,1,11,1,8,1,3,6,1,1,29,0,0,4.271035054814765,22,1.0
111,1,14,0,8,0,4,8,1,0,19,1,1,3.8909924822494046,157,1.0
77,1,1,0,1,0,1,0,0,0,9,1,1,2.5464361320103683,340,0.0
248,1,9,0,8,0,1,19,1,0,6,1,0,3.606187154016762,16,1.0
94,1,10,1,7,1,3,14,1,1,17,1,2,4.749551395911605,81,1.0
78,0,1,1,2,0,0,7,1,0,8,0,1,3.3388135437978423,2677,0.0
202,0,9,0,3,1,2,3,1,1,15,1,1,3.9469323969752983,172,1.0
96,0,11,0,9,1,4,11,1,0,16,0,3,3.5788615967165045,65,1.0
74,0,1,1,0,0,1,5,0,0,0,0,1,2.8908077086745854,1768,0.0
191,1,10,1,5,1,3,11,1,0,7,0,4,3.6792963043206166,16,1.0
152,1,6,1,9,0,3,14,1,1,17,1,2,4.281328674051019,52,1.0
69,0,2,1,0,0,0,0,1,1,2,0,0,2.104678676000697,2421,0.0
238,0,4,0,6,0,3,4,1,1,24,0,1,3.9446673316162295,148,1.0
155,1,12,1,8,1,2,13,1,1,22,1,0,4.4523945951766155,162,1.0
79,1,12,0,6,0,4,13,0,1,9,1,1,3.6475173823853195,155,1.0
69,0,3,1,0,0,0,1,0,0,1,0,1,2.9442654832289747,2690,0.0
246,0,9,0,9,1,4,3,0,0,17,1,3,3.572118452729675,100,1.0
61,1,5,0,2,0,3,17,1,1,29,1,3,4.62589768511619,25,1.0
58,0,1,0,1,0,0,3,0,0,4,0,1,2.792528183826854,3359,0.0
56,0,3,1,2,0,0,3,1,1,8,0,0,2.7807906692137454,2616,0.0
64,0,1,1,0,0,1,3,0,0,8,0,1,2.7883245052253445,1554,0.0
157,1,8,1,8,0,2,4,1,1,29,1,4,3.90714629641408,47,1.0
37,0,3,0,2,0,0,5,0,0,8,0,1,2.1959732475449725,395,0.0
53,0,3,0,0,0,0,5,0,0,4,0,0,3.455828772327652,546,0.0
249,1,14,0,6,1,3,9,1,1,5,0,2,4.57725192134077,129,1.0
249,0,5,0,8,0,3,3,1,1,28,0,2,4.232813699660386,120,1.0
149,0,3,0,6,0,4,9,0,1,16,1,4,4.573603889616193,23,1.0
42,0,3,1,0,0,0,6,0,0,7,0,1,2.1316008908940485,3336,0.0
48,0,2,1,0,1,1,5,0,0,2,0,0,3.137110252131199,2396,0.0
74,0,3,1,2,0,0,2,0,0,8,0,1,2.3365502415385695,698,0.0
58,0,1,1,2,0,1,2,1,0,5,0,1,3.2539766736402123,2149,0.0
219,1,13,0,6,1,3,11,1,1,27,1,3,3.9527000837917328,130,1.0
175,1,13,0,2,1,4,4,1,1,7,1,2,4.757599457138285,87,1.0
25,0,2,1,2,0,1,4,0,0,0,0,0,2.027822293586611,2301,0.0
22,0,2,1,1,0,1,6,0,0,4,0,1,3.0866875655140085,1751,0.0
58,0,3,0,0,0,1,2,1,0,9,1,1,3.0688130136994953,3073,0.0
209,1,4,0,2,1,1,5,1,1,17,1,3,4.558235037009675,116,1.0
163,1,13,1,8,1,3,5,1,1,16,0,0,4.297218869422731,114,1.0
178,0,5,1,3,0,2,4,1,1,9,1,4,3.5219706909087303,174,1.0
163,0,8,0,3,0,4,11,0,0,16,1,3,4.027894656097665,150,1.0
51,0,1,1,2,0,0,0,1,0,0,1,0,2.498418605587995,1482,0.0
57,0,1,1,0,0,0,2,0,0,5,1,0,2.057461200259492,632,0.0
211,1,8,0,6,1,3,12,1,1,21,0,2,4.080044674981193,60,1.0
87,0,3,0,5,0,4,14,1,1,24,0,4,3.764037132561701,94,1.0
36,0,3,1,2,0,1,6,0,1,0,0,0,3.0995363222954873,2546,0.0
38,0,2,0,2,0,0,4,1,0,2,1,0,2.897211598055799,812,0.0
180,1,7,1,3,0,1,5,1,1,19,1,0,4.153508099183435,102,1.0
141,1,9,0,3,0,1,8,1,1,6,1,3,4.403384453565886,20,1.0
36,0,2,1,2,0,1,3,0,0,1,0,1,2.5086112227226645,1559,0.0
20,0,2,1,2,0,0,7,1,0,1,0,1,3.198309966776037,3216,0.0
57,0,1,1,0,1,1,0,1,0,7,0,0,3.3195210569746907,3214,0.0
39,0,3,1,2,0,1,5,1,0,8,0,1,3.025004421920321,1356,0.0
38,0,1,1,1,1,1,3,1,0,8,0,0,2.77593015165189,806,0.0
77,0,1,1,0,0,1,2,0,0,0,0,0,2.463188044700894,2884,0.0
38,0,3,1,1,0,1,2,0,0,7,1,0,2.67126344852951,842,0.0
194,1,10,1,2,1,3,6,1,0,10,0,4,3.9844845247653025,145,1.0
27,0,3,1,0,0,0,6,0,0,4,0,0,3.1010065258994066,805,0.0
145,1,13,1,3,0,1,6,1,0,19,1,4,4.157973527653977,157,1.0
63,0,3,1,2,0,0,0,1,0,7,0,0,2.1163933729642235,809,0.0
249,0,14,1,8,1,3,12,1,0,24,1,4,4.998574247155467,114,1.0
190,1,5,1,3,1,1,12,1,1,6,0,0,4.006972325704754,105,1.0
24,0,2,0,1,0,1,6,0,1,3,0,1,2.7126390027310427,499,0.0
226,1,9,1,6,1,1,6,0,1,23,0,1,3.7595358046267466,71,1.0
56,1,3,1,0,0,0,3,1,0,8,0,0,2.6439800642812648,1718,0.0
57,0,1,1,0,0,1,7,0,0,4,0,0,3.129889307893728,1699,0.0
66,0,1,0,2,0,0,4,0,1,5,0,1,2.4598986147873134,2080,0.0
37,0,1,1,1,0,1,6,1,0,0,0,0,3.0483291276756015,2684,0.0
81,1,5,0,5,1,1,16,1,1,7,1,0,4.440155779125833,52,1.0
113,1,6,1,8,1,4,3,0,1,25,1,0,4.992162431860859,33,1.0
75,0,2,0,0,0,0,0,1,0,4,0,0,2.687907319508513,1265,0.0
73,0,2,0,0,0,0,1,0,0,5,1,0,2.6838866364791256,1190,0.0
243,1,5,0,8,1,1,5,1,1,18,0,4,4.195433111515174,15,1.0
220,0,8,0,2,0,2,3,1,1,15,1,2,3.6194076154887584,22,1.0
63,0,1,1,2,0,0,4,0,0,4,0,0,3.207872130445158,3050,0.0
175,1,13,1,4,1,4,12,1,1,14,1,3,3.5926435794352996,156,1.0
39,0,1,1,0,0,0,3,0,1,3,0,0,2.611032217444175,3175,0.0
77,0,10,1,7,1,2,18,1,1,29,1,1,4.600464260546673,158,1.0
83,1,14,0,9,0,1,17,0,1,7,0,3,4.0969405195711355,38,1.0
234,1,4,1,2,1,3,8,1,1,7,0,2,4.371823216234075,165,1.0
25,0,1,1,2,0,0,1,0,0,8,0,0,2.243408858838612,2646,0.0
234,0,8,0,9,0,2,17,1,0,9,1,2,3.5820397618644013,83,1.0
93,1,7,0,4,0,1,10,0,1,23,0,0,3.5516048126801874,138,1.0
60,0,2,1,0,0,1,2,0,0,6,0,0,2.0908442651189505,3222,0.0
50,0,3,1,0,0,1,2,1,1,3,0,1,2.4223614287832955,2752,0.0
55,0,2,1,2,0,0,4,0,0,5,1,1,3.3337785497613144,2815,0.0
75,0,1,0,0,0,0,7,0,0,6,1,0,2.1050519354476718,3196,0.0
155,1,8,1,3,1,4,7,1,1,14,1,4,4.260499430215021,129,1.0
74,0,3,1,0,0,1,0,0,0,1,0,0,2.033738494453311,539,0.0
58,0,1,1,0,0,1,1,0,0,9,0,0,2.036267065631255,2166,0.0
61,0,2,1,2,0,1,0,1,0,8,0,0,2.9505980075864553,3251,0.0
53,0,3,1,2,0,0,7,0,0,7,0,0,3.0728322140873012,230,0.0
61,1,1,1,0,0,1,5,0,0,7,0,0,3.2832667630797614,1456,0.0
62,0,2,0,1,0,0,6,0,0,2,0,1,2.055771102411897,2465,0.0
66,0,2,1,0,0,0,1,0,0,8,1,1,3.3302310010152825,1318,0.0
121,1,7,0,6,0,4,10,1,1,5,0,1,4.710160354473151,68,1.0
41,0,1,0,1,0,1,7,0,0,4,0,0,2.670373681785415,3593,0.0
95,1,8,1,6,1,3,19,1,1,27,1,1,3.956185774202054,122,1.0
54,0,2,1,1,0,1,3,0,0,9,0,0,2.0349306191638727,1236,0.0
62,0,1,1,1,0,1,3,1,0,1,0,0,2.027401972414515,1243,0.0
55,0,2,1,2,0,0,2,1,0,8,0,0,2.52926617756025,448,0.0
92,1,12,0,5,0,4,10,1,0,5,0,3,4.45344799796006,28,1.0
182,1,5,0,2,1,1,7,1,1,29,0,4,4.676406948960075,115,1.0
65,0,1,1,0,0,0,7,1,0,7,0,0,3.272858614373069,3400,0.0
188,1,14,0,5,1,1,8,1,1,15,0,4,3.9016887117839505,175,1.0
108,1,5,1,3,1,1,3,1,1,12,1,0,3.7609413315443385,100,1.0
117,1,14,1,8,1,1,4,0,0,20,1,3,4.969705303071407,114,1.0
53,0,2,1,1,0,0,2,1,0,3,0,0,2.142878682356488,214,0.0
21,0,2,1,2,0,1,7,0,0,8,0,1,2.8368511682157638,1201,0.0
51,0,3,1,1,0,0,4,1,0,6,0,0,2.5060892468731497,1819,0.0
48,0,3,1,2,0,0,4,0,0,9,0,0,2.783574958140103,1761,0.0
221,1,11,1,8,0,3,13,1,1,11,1,0,4.793317134982907,176,1.0
73,1,10,0,9,0,4,3,1,1,16,1,2,4.732628625478085,149,1.0
88,1,12,1,8,0,3,9,0,1,13,0,2,3.745330691795281,126,1.0
201,1,3,0,6,1,1,11,1,1,17,1,4,3.858998429821038,20,1.0
63,0,1,1,1,0,0,5,1,0,9,1,1,2.2900739892482376,2034,0.0
243,1,13,0,6,1,3,17,1,1,8,0,1,4.11184390605732,152,1.0
34,0,2,1,2,0,1,5,0,1,0,0,1,3.351088715185975,2975,0.0
57,0,2,1,1,0,1,6,0,0,1,0,1,2.902776983926706,367,0.0
50,0,1,1,0,0,1,2,0,1,7,0,1,2.1095879690491723,1568,0.0
162,1,3,0,4,0,3,16,1,1,17,0,1,3.520492528205914,15,1.0
22,0,2,1,1,0,0,5,1,1,5,0,1,3.294581589673924,2655,0.0
249,0,5,0,7,1,1,7,0,1,18,0,4,3.8937275118508867,175,1.0
179,1,10,0,5,1,4,11,1,1,11,1,4,3.5277968503915,119,1.0
73,0,1,1,2,0,0,2,1,0,7,0,0,3.2122523707831636,1805,0.0
98,0,7,0,6,0,3,6,1,0,10,1,2,3.7058407199253067,15,1.0
222,1,14,1,7,0,1,19,1,0,26,0,2,4.665340622307309,170,1.0
45,0,1,1,0,1,0,5,0,0,2,1,0,2.3786636945419515,2107,0.0
60,0,2,1,0,0,0,3,1,0,4,1,0,3.4465066523165087,3338,0.0
42,0,3,1,2,0,0,3,1,0,5,0,0,2.0800234918247913,2605,0.0
30,0,1,0,1,0,0,0,1,0,0,0,0,2.5421766271618127,1049,0.0
75,0,3,0,0,0,0,4,0,1,8,0,0,3.122217903654712,473,0.0
101,0,12,0,4,0,3,17,1,1,9,1,4,4.581087668040018,144,1.0
62,1,2,0,0,0,1,1,0,0,5,0,0,2.9208437633118702,1287,0.0
152,1,7,0,7,0,1,11,1,0,8,0,3,3.616117327977126,15,1.0
122,1,13,0,5,1,3,3,1,0,5,1,0,3.9493344794223457,68,1.0
230,1,7,0,9,0,4,13,1,0,26,1,0,4.1826134532805765,16,1.0
64,0,1,1,1,0,0,5,0,1,5,0,1,3.332013269003957,247,0.0
41,0,1,1,1,0,0,4,1,0,1,0,1,3.14380266808103,3392,0.0
62,0,2,0,1,0,1,7,0,0,7,0,1,2.042725715823907,3381,0.0
34,0,1,1,0,0,1,4,0,0,9,0,1,2.3928938672723437,1482,0.0
71,0,2,1,2,1,0,5,1,0,5,0,1,3.04370347223867,3358,0.0
88,0,6,1,7,0,3,12,1,0,20,1,4,4.822963332710911,102,1.0
191,1,12,0,3,0,2,6,1,1,11,1,1,4.169255656719045,99,1.0
155,1,8,1,6,1,1,10,1,1,21,1,3,3.5790796495017516,43,1.0
32,0,3,1,0,0,1,6,0,1,4,0,1,3.4963223325218618,965,0.0
73,0,1,1,2,1,0,4,0,0,5,0,0,2.8053519057806326,2266,0.0
31,0,2,1,2,0,0,0,1,1,8,1,0,2.6048442090211936,576,0.0
63,0,1,0,1,0,0,5,0,0,5,1,1,2.148309543314454,622,0.0
65,1,7,0,2,1,2,18,1,0,19,1,4,4.420524781593115,71,1.0
196,1,3,0,3,0,1,3,1,0,15,1,1,4.041209467067004,56,1.0
97,0,6,1,8,1,4,3,1,1,14,1,0,3.833424149957878,141,1.0
121,1,13,0,4,1,2,6,1,1,29,1,1,3.829792934553465,172,1.0
121,1,9,1,7,1,4,8,1,1,29,0,3,4.777685507990812,151,1.0
31,0,1,0,2,0,0,1,0,0,3,0,0,3.0487661471923593,954,0.0
46,0,1,1,1,0,1,4,1,0,7,0,1,3.4712650523358475,754,0.0
122,0,3,0,7,1,2,10,1,1,26,1,2,4.894474411551992,26,1.0
68,0,1,1,2,0,1,6,1,0,5,0,1,3.3937043505826523,1175,0.0
121,1,10,0,2,0,4,4,0,1,11,1,0,4.787310186465545,25,1.0
20,0,3,1,0,0,1,3,1,0,7,0,1,2.534379564348202,2523,0.0
107,1,4,1,9,1,1,17,0,0,19,1,1,3.804279858091798,18,1.0
143,0,14,1,2,1,3,17,1,1,9,1,1,4.540794742813598,112,1.0
124,0,5,0,7,1,4,9,1,0,15,0,2,4.1739118204349746,74,1.0
210,0,11,1,8,1,4,14,1,0,8,0,4,4.864615530069026,1,1.0
162,0,13,1,5,1,4,16,1,0,24,0,3,4.464656528926776,57,1.0
189,0,5,0,2,0,3,13,1,0,5,0,4,4.404339323908153,4,1.0
153,0,7,0,2,1,1,6,1,0,27,0,3,4.601525053002944,80,1.0
206,0,14,0,4,0,4,9,1,0,8,0,4,4.959190552484666,48,1.0
249,1,11,1,8,1,2,18,1,0,8,1,3,4.18661572574932,3,1.0
42,0,2,0,1,0,1,3,1,0,2,1,0,2.841579259285819,2067,0.0
47,0,1,1,2,0,1,3,1,0,0,0,1,2.919200858204196,1569,0.0
73,0,3,1,0,1,1,0,0,0,8,0,0,3.1341074153326423,1042,0.0
39,0,3,1,1,0,1,4,0,0,8,0,1,3.3932060299966853,1449,0.0
41,0,3,1,1,0,0,4,1,0,1,0,1,3.4266683014643995,352,0.0
160,1,12,0,5,1,2,14,1,1,23,1,1,4.095183988121876,28,1.0
43,0,3,0,2,0,1,0,1,1,9,0,0,2.8918251517175673,2444,0.0
203,1,4,0,6,1,3,8,1,0,22,1,2,4.929251583755876,24,1.0
44,0,2,1,1,0,0,1,1,0,2,1,1,2.166434391551505,1859,0.0
59,0,2,1,2,0,1,7,0,0,8,0,1,3.0680818005368407,680,0.0
77,0,1,1,1,0,0,5,0,0,6,0,1,2.5672274199386917,1228,0.0
33,0,1,0,2,0,0,7,0,0,7,1,0,3.327678981361469,2187,0.0
112,0,11,0,3,1,1,18,1,0,28,0,1,3.8189964297670143,52,1.0
30,1,2,1,2,0,1,0,1,0,1,0,1,2.3852202215258584,1364,0.0
56,0,3,1,1,0,1,3,1,1,2,1,1,2.252135878029463,1119,0.0
32,0,3,0,0,0,0,1,1,1,5,0,0,3.174648014375225,900,0.0
51,0,2,1,1,0,1,4,1,0,9,0,1,2.502664790055416,1803,0.0
73,0,2,1,1,0,0,1,0,0,0,0,0,2.8274828731856845,611,0.0
54,0,1,1,1,0,0,1,1,0,2,0,1,3.271361044685394,1895,0.0
53,0,3,0,2,0,0,5,0,0,3,0,1,2.643981750406558,1685,0.0
21,0,2,1,0,0,1,2,0,1,7,0,0,2.678042860197028,269,0.0
98,0,10,0,3,1,1,11,1,1,16,1,4,4.528477623897799,135,1.0
36,0,3,1,2,1,1,0,1,0,6,0,0,3.131707212503356,389,0.0
57,0,2,1,2,0,1,6,1,0,4,1,1,2.3383699162416427,3143,0.0
171,1,3,1,4,1,4,19,0,1,9,0,4,4.373800666161104,19,1.0
65,0,3,0,0,0,1,5,0,0,1,0,1,3.3840137427863617,358,0.0
114,1,8,0,9,1,1,16,1,1,19,0,4,4.672593483507139,141,1.0
98,0,3,1,7,0,2,7,1,1,27,1,3,4.918242290839251,91,1.0
182,0,10,1,6,0,1,14,1,1,7,1,4,4.989415198674361,162,1.0
28,0,3,1,0,0,0,0,0,0,6,0,1,2.2316224165099885,1655,0.0
157,0,8,1,6,1,1,4,1,1,9,1,4,4.8708144354826945,111,1.0
77,0,1,0,1,0,1,6,0,0,6,1,0,2.3782133909969785,1398,0.0
51,1,2,1,0,0,1,6,0,0,4,0,0,2.6543748675647247,2915,0.0
68,0,3,1,0,0,1,3,1,0,8,0,1,2.4163199889470364,1850,0.0
91,1,6,0,5,1,1,9,1,1,21,1,4,3.8274546677172685,129,1.0
37,0,1,0,0,0,1,5,1,0,0,1,1,3.2248634200389192,1638,0.0
27,1,2,1,0,0,0,7,0,0,5,1,0,3.1867740010834016,2234,0.0
198,1,4,0,9,1,3,12,1,0,21,1,1,4.971567293381699,46,1.0
32,0,2,1,2,0,0,7,0,0,7,0,1,2.515560638203427,2337,0.0
40,0,2,1,0,0,1,7,0,0,4,0,0,2.3458259736055505,3540,0.0
187,1,12,0,8,1,2,5,1,1,27,1,1,4.661858124761547,102,1.0
65,0,2,1,0,0,1,7,0,0,8,1,0,2.554892142958488,789,0.0
145,0,11,0,8,1,4,8,1,1,19,0,0,4.024284201754097,115,1.0
39,0,1,0,2,0,0,1,0,0,2,0,1,2.546427501942249,1552,0.0
58,0,3,1,2,0,0,4,1,0,9,0,1,3.084372579384403,555,0.0
247,1,7,0,5,1,1,8,0,1,7,1,3,4.361873296327819,176,1.0
244,0,4,0,5,1,4,7,1,1,26,1,0,4.000853707289831,176,1.0
61,0,1,1,0,0,0,5,1,0,7,0,0,2.5518543879294135,619,0.0
34,0,3,1,2,0,0,4,1,0,0,0,0,3.3349455577058715,192,0.0
44,0,3,0,0,0,0,5,1,0,2,0,1,3.234145903201055,3569,0.0
211,1,4,1,2,0,3,19,1,1,11,1,0,3.9260875835606437,100,1.0
210,1,5,0,9,1,4,12,0,1,5,1,1,3.6541523639746725,131,1.0
102,0,12,1,6,1,3,11,1,0,29,1,0,3.5102611222225453,155,1.0
242,1,9,1,2,1,3,17,1,0,15,1,4,4.7874956476713875,177,1.0
64,0,3,1,1,0,0,1,0,0,3,0,1,3.35625282432159,3041,0.0
27,0,1,1,0,0,1,7,0,0,6,0,1,3.1383683733305445,1533,0.0
177,1,13,1,7,0,2,3,1,1,27,1,1,4.017154650349811,92,1.0
176,1,3,0,7,1,2,5,1,1,24,1,0,3.808432231549012,63,1.0
63,0,2,1,1,0,0,0,1,0,3,0,1,2.080120644874323,1132,0.0
65,0,3,1,2,0,0,1,1,0,8,0,1,2.399745800019268,1073,0.0
35,0,1,1,0,0,1,1,1,0,9,1,0,3.339544937128952,1803,0.0
26,0,2,1,1,0,0,5,0,0,5,1,0,2.3838243290671626,1850,0.0
35,0,2,0,2,0,0,3,1,0,5,0,0,2.177595262141481,659,0.0
61,0,2,1,1,0,0,6,0,0,4,0,0,3.3246995934911867,2595,0.0
36,0,2,1,2,0,1,2,0,0,9,0,0,3.2846645669681447,697,0.0
58,0,3,1,1,1,1,2,1,0,1,0,0,3.1097986993143762,2414,0.0
62,0,3,0,2,0,0,4,1,0,4,0,0,2.891822573917486,1463,0.0
48,0,3,1,2,0,0,5,1,0,6,1,1,2.415568394425134,3134,0.0
70,0,3,1,2,0,0,2,0,0,3,0,1,2.236417023594302,1467,0.0
78,1,1,1,0,0,0,0,1,0,1,0,0,3.250086971156906,2580,0.0
73,0,3,1,0,0,0,1,1,0,1,0,0,3.4519541682803823,2203,0.0
24,1,3,1,1,0,0,7,0,0,5,0,0,2.191690232386733,1269,0.0
249,0,4,0,9,1,4,13,1,1,15,1,1,3.8301350990709087,72,1.0
246,0,12,1,8,0,2,7,1,1,15,0,3,3.6537937973417023,68,1.0
44,0,2,1,2,0,0,3,1,0,4,1,0,2.8626295420776726,1887,0.0
125,1,4,0,6,0,4,12,0,1,29,0,1,4.249322502807007,136,1.0
22,0,1,1,0,0,1,5,0,0,2,0,0,2.423549101328086,3092,0.0
249,0,12,1,2,0,2,4,1,1,24,0,2,3.6971185742829027,153,1.0
64,0,3,1,2,0,0,7,1,0,4,0,0,3.290902624790436,1113,0.0
89,0,4,1,4,0,4,15,1,0,18,0,3,4.148015838395544,164,1.0
47,0,3,1,0,0,1,3,1,0,0,0,1,2.952254233968826,2294,0.0
29,0,2,1,1,0,0,2,0,1,6,1,1,3.326220819478583,2625,0.0
28,0,3,1,0,0,1,4,0,0,3,0,1,3.1521298119615744,3482,0.0
60,0,1,1,2,0,1,4,0,0,3,0,1,2.696105428146855,1328,0.0
63,0,3,1,0,0,0,7,0,0,7,0,0,3.460903108982292,552,0.0
75,0,3,1,2,0,0,5,1,0,5,0,1,2.595397793576523,2314,0.0
216,0,14,1,7,1,1,11,1,0,19,0,2,3.7089792235670695,62,1.0
52,0,1,1,0,0,1,0,1,1,4,0,1,3.201175120060839,279,0.0
62,1,3,0,9,1,3,11,1,0,8,0,3,4.014577598779476,35,1.0
74,0,1,1,0,0,0,5,1,0,1,0,0,3.2060341842786966,2788,0.0
67,0,1,0,1,1,0,4,0,0,2,1,0,2.028308381885908,344,0.0
29,0,1,1,0,0,0,4,0,1,5,0,0,3.2449362637342736,310,0.0
121,1,5,0,7,1,1,19,1,1,13,1,3,3.5947746452903395,17,1.0
59,1,3,1,0,0,1,7,1,0,5,0,0,2.5097405370101735,1887,0.0
50,0,1,1,0,0,1,3,0,1,7,0,0,2.115547999976171,2733,0.0
172,1,3,1,9,0,2,9,1,1,6,0,1,3.8345147353005995,47,1.0
211,1,3,1,3,0,2,12,0,1,13,1,1,4.785645409414874,117,1.0
73,0,3,1,2,0,1,5,0,0,0,0,1,3.3564992712988095,2002,0.0
95,1,3,0,9,0,1,12,1,1,10,1,1,3.6174525057193363,166,1.0
79,1,3,1,0,0,0,7,0,0,6,0,1,2.064503248166858,3209,0.0
55,0,1,0,0,0,0,3,1,1,0,1,0,2.675042768028031,3266,0.0
185,0,3,0,4,0,3,11,1,0,7,1,1,4.627691881050884,130,1.0
166,1,14,0,8,1,1,12,0,0,18,1,0,4.502004876114521,168,1.0
34,0,3,1,1,1,1,5,0,0,7,0,1,3.297786216659593,660,0.0
67,1,3,1,2,0,0,0,1,0,4,0,1,2.669393377714848,2259,0.0
77,0,3,0,2,0,1,4,0,0,9,0,0,2.2952176241904607,1493,0.0
52,0,2,1,2,0,0,0,1,0,1,0,0,3.485892470315985,2070,0.0
58,0,2,1,1,0,0,2,1,0,0,0,0,3.403695261343179,1169,0.0
44,0,3,0,1,0,0,4,1,0,7,0,1,2.2225217943784585,2134,0.0
42,0,3,1,1,0,1,0,1,0,7,0,1,2.163892334886286,3299,0.0
32,0,3,1,1,0,0,3,1,0,9,1,0,2.418977193594922,1686,0.0
124,1,7,1,8,0,2,8,0,1,15,0,0,4.127518711240637,76,1.0
26,0,3,0,1,0,1,5,0,1,0,0,0,2.7651037834260617,2419,0.0
71,0,1,1,1,0,1,3,1,0,0,0,0,2.7326612100702503,447,0.0
30,0,3,0,1,0,1,3,0,0,4,0,0,2.980453284076593,2824,0.0
151,0,5,0,4,1,3,17,1,1,22,1,0,4.813527691379159,14,1.0
23,0,3,1,2,0,0,3,0,0,7,0,0,3.338901184591311,3527,0.0
132,1,11,0,5,1,1,9,1,1,20,1,2,3.740950418927826,168,1.0
229,1,9,0,5,0,1,12,1,1,26,0,1,4.888741061665276,143,1.0
27,0,2,1,0,0,0,0,0,0,3,0,0,2.5032915370248476,2143,0.0
38,0,1,0,2,0,1,3,0,0,1,0,1,2.4400341199909814,650,0.0
71,1,6,0,9,0,1,6,1,1,10,0,4,4.196000642294639,0,1.0
201,1,13,1,6,1,2,6,1,0,28,0,0,4.277419581033067,66,1.0
117,0,5,0,7,0,4,18,1,0,11,0,1,4.560434477740134,96,1.0
37,0,2,1,2,0,1,6,0,0,6,0,0,2.8077449761175894,1410,0.0
128,1,14,0,6,1,4,10,1,0,19,1,4,4.897218488895021,88,1.0
128,0,4,0,6,1,4,19,1,0,20,0,2,4.938626363423605,62,1.0
52,1,1,1,1,0,0,6,1,0,4,1,0,2.695751514425078,2279,0.0
214,0,13,0,7,0,4,10,0,0,15,1,3,4.146475593272305,165,1.0
134,1,12,0,2,1,3,10,1,1,11,0,0,4.573431075457679,84,1.0
117,0,13,1,6,0,1,6,0,0,6,0,2,4.903137236672801,120,1.0
40,0,2,1,2,0,0,0,1,0,0,0,1,2.9721737664270433,2748,0.0
212,1,9,1,4,1,4,5,1,1,18,1,4,3.835418929688997,141,1.0
29,0,1,0,1,0,0,3,0,0,6,0,0,2.6513278942526264,1869,0.0
92,0,4,1,5,0,1,4,1,0,25,1,4,4.152939086281451,102,1.0
74,1,12,0,8,0,3,13,1,1,29,1,3,4.571689525828672,37,1.0
231,1,4,0,8,1,1,15,1,1,26,0,4,4.66904775550268,150,1.0
185,1,6,1,8,1,3,5,1,1,16,1,4,4.788398523987091,115,1.0
68,0,3,1,0,0,0,6,1,0,1,0,1,3.0263430663320383,1488,0.0
94,0,6,1,4,0,3,18,1,1,15,0,2,4.186944821734303,25,1.0
31,0,1,1,2,0,0,3,0,0,8,1,1,2.498971453001219,3220,0.0
67,0,1,0,1,0,1,1,0,0,2,0,1,2.174600476745564,3526,0.0
35,0,2,0,1,0,1,6,0,0,0,1,1,3.0493384391774496,1103,0.0
29,0,2,1,2,0,1,5,1,0,3,0,0,2.465754128824225,1993,0.0
234,1,10,0,9,1,1,14,1,0,10,1,1,4.461537286453032,103,1.0
69,0,3,1,2,0,0,7,1,0,4,0,1,2.7193116876593426,356,0.0
163,1,3,0,3,1,1,6,0,1,29,0,0,4.270799788569907,71,1.0
246,1,8,0,3,1,3,12,1,0,15,0,0,4.442610436461485,45,1.0
167,1,9,0,3,1,3,9,1,0,19,1,2,4.3993958900660814,133,1.0
249,1,4,0,8,0,4,13,1,1,18,1,4,4.496509049908523,36,1.0
189,1,4,0,4,0,1,12,0,0,20,1,3,4.265780391948267,22,1.0
224,1,9,0,2,0,1,3,1,0,14,1,4,4.167259039010794,84,1.0
48,1,3,1,1,0,0,0,0,1,1,0,1,2.693382864266151,1874,0.0
206,1,10,1,5,1,2,10,1,1,13,1,3,4.651814545450567,174,1.0
67,0,1,1,0,0,1,1,0,0,3,0,0,3.0863147462200398,1853,0.0
119,1,13,1,9,1,1,10,1,1,9,0,0,3.6596176443542667,69,1.0
76,0,3,1,1,0,1,2,1,1,7,0,0,3.2207388501480563,2816,0.0
120,0,7,1,2,0,3,18,0,1,10,1,0,3.5034851091978956,90,1.0
28,0,2,1,0,1,0,5,1,1,1,0,1,3.445764277390789,2187,0.0
54,0,2,0,2,0,1,0,1,0,0,0,1,3.045489851106201,2797,0.0
62,0,3,1,1,0,0,7,0,0,1,0,1,2.5329008270860003,408,0.0
158,1,4,0,7,0,1,19,1,0,16,0,3,4.638858469485493,6,1.0
44,0,2,1,2,0,0,7,0,0,3,0,1,2.394577271017906,2118,0.0
227,1,3,1,6,0,3,14,1,1,27,1,2,4.251560355476905,59,1.0
23,0,1,1,0,0,1,0,0,0,4,0,1,3.423403812502256,2034,0.0
82,1,10,0,7,0,2,17,1,1,5,0,3,4.416712284816869,43,1.0
151,1,10,1,3,0,4,11,1,1,18,1,2,4.591215616994745,33,1.0
68,0,2,1,0,0,0,1,1,0,4,0,0,2.0637181499477015,3460,0.0
36,1,3,1,0,0,1,6,1,0,4,0,1,2.3986991328930087,2788,0.0
51,0,1,1,2,0,1,7,0,0,2,1,1,3.3282857581297955,3079,0.0
172,0,12,0,6,0,3,12,1,0,26,1,3,4.629678270769511,18,1.0
98,1,6,0,2,1,4,7,1,1,24,0,2,4.683644167473135,50,1.0
104,0,11,0,3,1,1,12,1,1,23,0,4,3.8983363970186202,10,1.0
23,0,1,1,2,0,1,6,1,0,6,0,0,2.6946770509256757,871,0.0
26,0,3,1,1,0,0,2,0,0,5,0,1,2.9318002169062733,3029,0.0
67,1,4,0,4,1,4,17,1,0,29,1,3,4.910745797769517,38,1.0
30,0,2,1,2,0,1,6,1,0,0,0,0,2.1065016192580854,1638,0.0
188,1,7,0,3,0,4,12,1,1,21,0,1,4.572429235327665,23,1.0
61,0,2,1,0,1,1,6,0,0,7,1,1,2.4774728002021646,1348,0.0
34,0,2,1,1,1,1,4,1,0,2,0,0,3.2629581780609436,1841,0.0
122,0,6,0,8,1,3,16,1,1,10,1,1,3.637231277581188,98,1.0
29,0,2,1,2,0,1,6,0,0,3,0,1,2.1731413410564016,3363,0.0
158,1,7,1,8,0,4,14,0,1,18,1,1,4.830564116670443,17,1.0
239,1,6,1,5,1,1,5,1,1,7,1,3,3.6556345153037846,169,1.0
44,0,2,1,2,0,1,6,0,0,2,0,1,2.7779225474530014,734,0.0
72,0,2,1,1,0,1,3,1,0,0,0,1,3.3027597060280867,3004,0.0
66,0,1,1,2,0,0,5,0,0,8,0,0,2.7650290695920474,2215,0.0
249,0,5,0,7,0,3,10,1,1,12,0,1,4.9067386999776,69,1.0
160,1,13,0,5,1,1,15,0,0,25,0,2,3.6124400652050195,139,1.0
74,1,12,0,4,1,1,11,1,1,7,1,3,4.083152619292395,160,1.0
31,0,3,1,1,0,1,1,1,1,9,0,1,2.334123155410556,1627,0.0
26,1,1,1,2,0,0,0,1,1,6,0,0,2.9190830779126355,3028,0.0
247,1,10,0,6,0,1,15,1,0,17,1,3,4.708244069048367,94,1.0
78,1,4,0,3,0,3,13,1,1,18,0,0,4.486924228672439,101,1.0
113,1,4,0,7,1,2,7,1,1,19,0,3,4.317473417150027,100,1.0
213,1,4,1,4,1,3,11,1,1,20,0,1,4.640492332106207,93,1.0
206,1,3,1,7,0,1,12,1,0,19,0,1,4.859206304191219,31,1.0
78,0,1,0,1,0,1,5,0,1,6,1,0,2.868077015885357,1064,0.0
67,0,2,1,2,0,0,1,1,0,0,0,0,2.7402330706075233,2032,0.0
217,0,7,0,9,0,3,9,1,1,12,1,3,3.795000848585461,25,1.0
56,0,3,1,2,0,1,1,0,0,7,0,0,2.5064842532014096,2926,0.0
207,0,3,0,2,0,1,8,1,1,26,0,2,4.50040397780586,62,1.0
159,1,5,1,5,0,4,19,1,1,10,0,1,4.003765230558974,11,1.0
194,1,9,0,6,1,3,19,1,0,11,1,0,3.8148770686220774,165,1.0
52,0,2,0,0,0,1,6,0,0,4,0,0,2.4701200472805054,1179,0.0
229,1,8,0,6,0,3,19,1,1,29,1,3,3.8394160012157106,156,1.0
199,0,9,1,9,0,4,19,1,1,25,0,1,4.101721954237696,32,1.0
87,1,12,1,2,1,1,7,1,1,7,1,1,4.799275563303544,160,1.0
75,0,3,1,2,0,1,7,1,1,1,0,1,3.228695332341502,2681,0.0
67,0,3,1,1,0,1,7,1,0,4,0,0,2.226865007220449,2048,0.0
54,0,2,1,0,0,1,0,1,0,9,0,0,2.8840645589721756,3530,0.0
52,0,2,1,1,0,0,5,0,0,4,1,1,2.3864842652107923,2834,0.0
203,1,13,0,7,1,4,3,1,0,17,1,2,4.17451546577558,48,1.0
22,0,1,1,1,0,0,1,0,0,6,0,0,2.1115964365579227,2906,0.0
37,0,2,1,2,0,1,6,0,1,3,0,1,2.333436580744332,799,0.0
68,0,3,1,2,0,1,6,1,0,7,0,1,3.2465592906606924,2090,0.0
223,0,11,0,4,1,2,12,1,1,6,1,1,3.517876974467363,168,1.0
38,0,1,1,2,0,0,5,0,0,1,0,0,2.6568961457710563,2535,0.0
57,0,1,1,0,0,1,7,0,1,8,0,1,2.0815492676602756,1447,0.0
33,0,3,1,0,0,0,2,0,1,1,0,1,3.0785257317679022,2147,0.0
76,0,3,1,1,0,1,2,0,0,0,1,0,2.393690467101025,1002,0.0
231,1,5,1,5,1,3,15,1,1,26,1,1,3.700301349741124,19,1.0
33,0,1,1,1,0,0,1,1,0,2,0,0,2.126963910818377,1507,0.0
68,0,3,1,0,0,1,6,0,0,2,0,1,2.172745867856788,1949,0.0
176,1,9,0,6,0,1,18,1,1,24,1,1,4.720413220051034,122,1.0
70,0,1,1,0,0,1,7,0,1,6,0,0,2.478885057871845,1803,0.0
47,1,3,1,1,0,1,4,1,0,5,1,1,3.3569840936132445,3427,0.0
143,1,5,0,5,1,1,5,1,1,13,0,4,4.566740131291649,98,1.0
148,0,14,0,4,0,2,18,1,1,23,1,2,4.836532524450817,27,1.0
78,0,2,1,1,0,0,0,1,1,8,0,0,3.2762039024742693,2440,0.0
34,0,1,1,1,0,1,4,1,0,6,0,1,3.04159599121987,1523,0.0
59,0,2,1,1,0,0,0,1,0,8,0,1,2.8647736857329567,2538,0.0
187,1,9,0,5,0,4,8,1,1,17,1,4,4.35914079943263,54,1.0
217,1,4,1,7,1,4,19,0,1,27,1,2,3.7153171339156517,21,1.0
187,1,14,0,7,1,1,6,1,1,20,0,3,3.5495179038504907,91,1.0
176,1,10,0,2,0,1,9,1,0,28,1,3,4.224701968348249,64,1.0
229,1,14,0,6,0,3,13,1,0,26,0,0,4.647164363187634,84,1.0
68,0,11,0,3,1,2,19,1,1,5,0,4,3.687305115358884,160,1.0
46,0,2,1,1,0,0,5,0,0,2,1,0,2.411678075307218,1121,0.0
118,1,4,1,7,0,2,13,1,1,22,1,0,4.731713637080521,37,1.0
235,0,5,1,3,1,3,7,1,0,22,1,3,4.200526799782613,122,1.0
57,1,1,1,2,0,1,1,0,0,2,0,1,2.3663451755143763,1416,0.0
245,1,4,0,8,0,4,11,0,1,24,0,1,4.520840999208257,140,1.0
153,1,9,0,9,0,4,8,0,1,17,1,3,4.57605916109446,25,1.0
76,0,6,1,6,1,2,7,1,1,7,0,1,3.888442407537463,145,1.0
50,0,2,1,0,0,1,6,0,0,8,0,1,2.849467432278657,2864,0.0
92,1,8,1,5,1,3,15,0,1,29,0,2,4.245843792529993,26,1.0
52,0,3,0,2,0,1,3,0,0,2,0,1,2.449020164727016,578,0.0
234,1,12,1,7,0,4,13,1,1,25,1,2,4.146815727296493,77,1.0
65,0,3,0,2,1,1,0,0,0,8,1,1,2.9496029147976603,3588,0.0
62,0,2,1,2,0,0,0,0,0,3,0,0,2.7514080376248415,556,0.0
148,1,8,1,9,1,1,4,1,1,14,0,1,4.166593427676621,40,1.0
173,1,10,1,8,1,4,15,0,0,28,1,4,3.844090253231573,107,1.0
141,1,7,0,2,1,1,19,1,0,13,1,2,4.816538268241772,132,1.0
149,1,8,1,5,1,3,10,1,0,16,0,4,3.9588422198922797,23,1.0
86,1,10,0,2,1,2,18,1,0,11,0,2,4.360893704184473,28,1.0
146,1,11,0,9,0,4,17,1,1,11,1,4,4.30878661927045,21,1.0
117,1,11,0,5,1,2,13,1,0,27,1,4,3.6917177665405743,123,1.0
107,1,4,0,5,1,4,13,1,0,11,1,1,4.975859545845745,63,1.0
51,0,3,0,0,0,0,5,1,0,0,0,0,2.9511932163002044,657,0.0
147,1,4,1,6,1,2,8,1,1,12,0,3,3.8539949088638563,132,1.0
68,0,2,1,1,0,0,3,0,0,6,0,1,2.6267173743522503,1498,0.0
61,1,7,1,4,1,1,11,1,1,24,1,0,3.511649963230953,51,1.0
198,1,12,0,9,0,3,12,0,1,18,1,4,4.619904806966305,149,1.0
61,1,7,1,6,0,2,12,1,1,11,0,2,4.591178586929181,102,1.0
67,0,2,1,0,0,0,2,1,0,6,0,1,3.2336766364550993,1100,0.0
65,1,8,0,3,1,3,6,1,0,22,1,4,4.982735726730207,142,1.0
147,1,7,0,2,1,2,7,1,0,6,1,3,4.037992044539688,172,1.0